{
    "accuracy": 0.6981132075471698,
    "precision": 0.5714285714285714,
    "recall": 0.8,
    "f1": 0.6666666666666666,
    "confusion_matrix": [
        [
            21,
            12
        ],
        [
            4,
            16
        ]
    ],
    "probabilities": [
        [
            0.1546228975057602,
            0.8453771471977234
        ],
        [
            0.9408873319625854,
            0.059112656861543655
        ],
        [
            0.4225344657897949,
            0.5774655342102051
        ],
        [
            0.8265465497970581,
            0.17345336079597473
        ],
        [
            0.08368649333715439,
            0.9163134694099426
        ],
        [
            0.48566409945487976,
            0.5143359303474426
        ],
        [
            0.13718518614768982,
            0.8628147840499878
        ],
        [
            0.9759712815284729,
            0.024028750136494637
        ],
        [
            0.13339604437351227,
            0.8666040301322937
        ],
        [
            0.3430634140968323,
            0.656936526298523
        ],
        [
            0.052902109920978546,
            0.947097897529602
        ],
        [
            0.041445042937994,
            0.9585549831390381
        ],
        [
            0.22418831288814545,
            0.7758116722106934
        ],
        [
            0.34568604826927185,
            0.6543139219284058
        ],
        [
            0.9343445301055908,
            0.0656554251909256
        ],
        [
            0.0858406350016594,
            0.91415935754776
        ],
        [
            0.09284896403551102,
            0.9071510434150696
        ],
        [
            0.39709731936454773,
            0.6029026508331299
        ],
        [
            0.041639544069767,
            0.958360493183136
        ],
        [
            0.9806273579597473,
            0.01937262713909149
        ],
        [
            0.9806361794471741,
            0.019363773986697197
        ],
        [
            0.12798964977264404,
            0.872010350227356
        ],
        [
            0.9500353336334229,
            0.04996463656425476
        ],
        [
            0.9914337396621704,
            0.008566289208829403
        ],
        [
            0.8131226301193237,
            0.18687735497951508
        ],
        [
            0.8862137794494629,
            0.11378619074821472
        ],
        [
            0.5508030652999878,
            0.4491969645023346
        ],
        [
            0.9731675386428833,
            0.026832403615117073
        ],
        [
            0.9785165190696716,
            0.021483469754457474
        ],
        [
            0.9786962270736694,
            0.021303744986653328
        ],
        [
            0.14460007846355438,
            0.8553999662399292
        ],
        [
            0.15858834981918335,
            0.8414116501808167
        ],
        [
            0.10816535353660583,
            0.8918346166610718
        ],
        [
            0.977974534034729,
            0.022025475278496742
        ],
        [
            0.7912996411323547,
            0.20870035886764526
        ],
        [
            0.09619446098804474,
            0.9038055539131165
        ],
        [
            0.9279194474220276,
            0.07208056002855301
        ],
        [
            0.9526435136795044,
            0.047356512397527695
        ],
        [
            0.9483750462532043,
            0.051624950021505356
        ],
        [
            0.9876250624656677,
            0.012374904938042164
        ],
        [
            0.3212774693965912,
            0.6787225604057312
        ],
        [
            0.9900847673416138,
            0.009915266185998917
        ],
        [
            0.8221698999404907,
            0.1778300553560257
        ],
        [
            0.3164686858654022,
            0.6835313439369202
        ],
        [
            0.6103358268737793,
            0.3896642029285431
        ],
        [
            0.3021705150604248,
            0.6978294849395752
        ],
        [
            0.28802406787872314,
            0.7119758725166321
        ],
        [
            0.730928897857666,
            0.2690710723400116
        ],
        [
            0.9695159792900085,
            0.030484061688184738
        ],
        [
            0.4963512420654297,
            0.5036487579345703
        ],
        [
            0.41886258125305176,
            0.5811374187469482
        ],
        [
            0.11588951200246811,
            0.8841104507446289
        ],
        [
            0.2932097017765045,
            0.7067903280258179
        ]
    ],
    "precision_per_class": [
        0.84,
        0.5714285714285714
    ],
    "recall_per_class": [
        0.6363636363636364,
        0.8
    ],
    "f1_per_class": [
        0.7241379310344828,
        0.6666666666666666
    ]
}