{
    "accuracy": 0.7547169811320755,
    "precision": 0.6060606060606061,
    "recall": 1.0,
    "f1": 0.7547169811320755,
    "confusion_matrix": [
        [
            20,
            13
        ],
        [
            0,
            20
        ]
    ],
    "probabilities": [
        [
            0.006860901601612568,
            0.9931390881538391
        ],
        [
            0.939290463924408,
            0.06070946529507637
        ],
        [
            0.1686033457517624,
            0.8313966989517212
        ],
        [
            0.07274775207042694,
            0.9272522330284119
        ],
        [
            0.011254819110035896,
            0.9887451529502869
        ],
        [
            0.09945214539766312,
            0.9005478620529175
        ],
        [
            0.11823361366987228,
            0.8817663788795471
        ],
        [
            0.96551913022995,
            0.03448085859417915
        ],
        [
            0.02141905203461647,
            0.978580892086029
        ],
        [
            0.04739684239029884,
            0.9526031613349915
        ],
        [
            0.011251089163124561,
            0.9887489080429077
        ],
        [
            0.018480420112609863,
            0.9815195798873901
        ],
        [
            0.048279471695423126,
            0.9517205953598022
        ],
        [
            0.14657717943191528,
            0.8534228205680847
        ],
        [
            0.9310709834098816,
            0.06892897933721542
        ],
        [
            0.013152891770005226,
            0.9868471026420593
        ],
        [
            0.028858959674835205,
            0.9711410999298096
        ],
        [
            0.38403910398483276,
            0.6159608960151672
        ],
        [
            0.0243634395301342,
            0.9756365418434143
        ],
        [
            0.8378219604492188,
            0.16217797994613647
        ],
        [
            0.876629114151001,
            0.12337087094783783
        ],
        [
            0.17780041694641113,
            0.8221995830535889
        ],
        [
            0.7108315825462341,
            0.28916844725608826
        ],
        [
            0.9514108896255493,
            0.048589084297418594
        ],
        [
            0.2697931230068207,
            0.7302069067955017
        ],
        [
            0.6810722947120667,
            0.31892770528793335
        ],
        [
            0.7170501947402954,
            0.282949835062027
        ],
        [
            0.7760603427886963,
            0.22393959760665894
        ],
        [
            0.9304571151733398,
            0.06954283267259598
        ],
        [
            0.944593071937561,
            0.05540694296360016
        ],
        [
            0.1081523597240448,
            0.8918476104736328
        ],
        [
            0.028401996940374374,
            0.9715979695320129
        ],
        [
            0.1181207150220871,
            0.8818793296813965
        ],
        [
            0.5572587251663208,
            0.442741334438324
        ],
        [
            0.24845750629901886,
            0.7515424489974976
        ],
        [
            0.013438163325190544,
            0.9865618348121643
        ],
        [
            0.8682542443275452,
            0.13174580037593842
        ],
        [
            0.9488378167152405,
            0.05116219073534012
        ],
        [
            0.6074343919754028,
            0.3925655484199524
        ],
        [
            0.9551940560340881,
            0.044805966317653656
        ],
        [
            0.02640470117330551,
            0.9735952615737915
        ],
        [
            0.8089486360549927,
            0.19105136394500732
        ],
        [
            0.5507193803787231,
            0.44928061962127686
        ],
        [
            0.054345183074474335,
            0.9456548094749451
        ],
        [
            0.450949102640152,
            0.5490509271621704
        ],
        [
            0.0106710409745574,
            0.989328920841217
        ],
        [
            0.04299488291144371,
            0.9570050835609436
        ],
        [
            0.3825241029262543,
            0.6174758672714233
        ],
        [
            0.9220491051673889,
            0.07795096188783646
        ],
        [
            0.2281707525253296,
            0.7718293070793152
        ],
        [
            0.09064771234989166,
            0.9093522429466248
        ],
        [
            0.14208069443702698,
            0.8579193353652954
        ],
        [
            0.10774585604667664,
            0.8922541737556458
        ]
    ],
    "precision_per_class": [
        1.0,
        0.6060606060606061
    ],
    "recall_per_class": [
        0.6060606060606061,
        1.0
    ],
    "f1_per_class": [
        0.7547169811320755,
        0.7547169811320755
    ]
}