{
    "accuracy": 0.7358490566037735,
    "precision": 0.6,
    "recall": 0.9,
    "f1": 0.72,
    "confusion_matrix": [
        [
            21,
            12
        ],
        [
            2,
            18
        ]
    ],
    "probabilities": [
        [
            0.002572277095168829,
            0.997427761554718
        ],
        [
            0.9933899641036987,
            0.0066100615076720715
        ],
        [
            0.010392301715910435,
            0.9896077513694763
        ],
        [
            0.16837263107299805,
            0.831627368927002
        ],
        [
            0.00803990475833416,
            0.9919601082801819
        ],
        [
            0.006657546851783991,
            0.9933424592018127
        ],
        [
            0.028884485363960266,
            0.9711154699325562
        ],
        [
            0.9972996115684509,
            0.002700385171920061
        ],
        [
            0.001643443014472723,
            0.9983565211296082
        ],
        [
            0.2408096194267273,
            0.7591903805732727
        ],
        [
            0.002515415893867612,
            0.997484564781189
        ],
        [
            0.05097571015357971,
            0.9490243196487427
        ],
        [
            0.009761348366737366,
            0.9902386665344238
        ],
        [
            0.03932108357548714,
            0.9606789350509644
        ],
        [
            0.9779233336448669,
            0.022076647728681564
        ],
        [
            0.0031540226191282272,
            0.9968459010124207
        ],
        [
            0.05133859068155289,
            0.9486614465713501
        ],
        [
            0.3718511462211609,
            0.6281489133834839
        ],
        [
            0.005409449338912964,
            0.9945905208587646
        ],
        [
            0.9975863695144653,
            0.002413608832284808
        ],
        [
            0.9936204552650452,
            0.006379519123584032
        ],
        [
            0.2369641214609146,
            0.7630359530448914
        ],
        [
            0.9605193138122559,
            0.039480675011873245
        ],
        [
            0.9987366795539856,
            0.0012633559526875615
        ],
        [
            0.4892299771308899,
            0.5107700824737549
        ],
        [
            0.9965560436248779,
            0.003444025060161948
        ],
        [
            0.979736864566803,
            0.020263133570551872
        ],
        [
            0.9729670882225037,
            0.02703285589814186
        ],
        [
            0.9979912042617798,
            0.0020088369492441416
        ],
        [
            0.9986298084259033,
            0.0013702739961445332
        ],
        [
            0.7831007242202759,
            0.21689921617507935
        ],
        [
            0.009788871742784977,
            0.9902111291885376
        ],
        [
            0.014395746402442455,
            0.9856042861938477
        ],
        [
            0.930237352848053,
            0.06976263970136642
        ],
        [
            0.9133632779121399,
            0.08663666993379593
        ],
        [
            0.006555486470460892,
            0.993444561958313
        ],
        [
            0.9691215753555298,
            0.030878420919179916
        ],
        [
            0.9712982773780823,
            0.028701746836304665
        ],
        [
            0.6658331155776978,
            0.33416691422462463
        ],
        [
            0.9993021488189697,
            0.0006978667806833982
        ],
        [
            0.0362057089805603,
            0.9637942910194397
        ],
        [
            0.9917672276496887,
            0.00823274441063404
        ],
        [
            0.9763782024383545,
            0.023621762171387672
        ],
        [
            0.05764321982860565,
            0.9423567056655884
        ],
        [
            0.07546400278806686,
            0.9245359897613525
        ],
        [
            0.006144742015749216,
            0.9938551783561707
        ],
        [
            0.11771374195814133,
            0.8822862505912781
        ],
        [
            0.9527977705001831,
            0.04720218852162361
        ],
        [
            0.9977990984916687,
            0.0022009045351296663
        ],
        [
            0.0830339714884758,
            0.9169660210609436
        ],
        [
            0.007788277696818113,
            0.9922116994857788
        ],
        [
            0.05734321102499962,
            0.9426568150520325
        ],
        [
            0.013373696245253086,
            0.9866263270378113
        ]
    ],
    "precision_per_class": [
        0.9130434782608695,
        0.6
    ],
    "recall_per_class": [
        0.6363636363636364,
        0.9
    ],
    "f1_per_class": [
        0.75,
        0.72
    ]
}