{
    "accuracy": 0.6792452830188679,
    "precision": 0.5555555555555556,
    "recall": 0.75,
    "f1": 0.6382978723404256,
    "confusion_matrix": [
        [
            21,
            12
        ],
        [
            5,
            15
        ]
    ],
    "probabilities": [
        [
            0.020995229482650757,
            0.9790047407150269
        ],
        [
            0.9598088264465332,
            0.04019125550985336
        ],
        [
            0.03290043771266937,
            0.9670995473861694
        ],
        [
            0.954976499080658,
            0.045023463666439056
        ],
        [
            0.039143942296504974,
            0.9608560800552368
        ],
        [
            0.11043901741504669,
            0.8895609974861145
        ],
        [
            0.0400516651570797,
            0.9599483013153076
        ],
        [
            0.9835548996925354,
            0.016445105895400047
        ],
        [
            0.02757287211716175,
            0.9724271893501282
        ],
        [
            0.0568816252052784,
            0.9431183934211731
        ],
        [
            0.023493092507123947,
            0.9765068888664246
        ],
        [
            0.04186180979013443,
            0.9581381678581238
        ],
        [
            0.04381285980343819,
            0.9561871886253357
        ],
        [
            0.04342995211482048,
            0.9565699696540833
        ],
        [
            0.9677661657333374,
            0.032233793288469315
        ],
        [
            0.026440365239977837,
            0.973559558391571
        ],
        [
            0.10459235310554504,
            0.8954076766967773
        ],
        [
            0.9271469712257385,
            0.07285304367542267
        ],
        [
            0.02486235462129116,
            0.9751376509666443
        ],
        [
            0.9817573428153992,
            0.018242668360471725
        ],
        [
            0.9958307147026062,
            0.00416933000087738
        ],
        [
            0.0409647598862648,
            0.9590352177619934
        ],
        [
            0.10910674184560776,
            0.8908932209014893
        ],
        [
            0.9680303335189819,
            0.031969718635082245
        ],
        [
            0.8871753215789795,
            0.11282466351985931
        ],
        [
            0.973137617111206,
            0.026862336322665215
        ],
        [
            0.9192308187484741,
            0.08076916635036469
        ],
        [
            0.8880502581596375,
            0.11194972693920135
        ],
        [
            0.9911718964576721,
            0.00882810726761818
        ],
        [
            0.9960026144981384,
            0.003997338004410267
        ],
        [
            0.0952981635928154,
            0.904701828956604
        ],
        [
            0.04751080274581909,
            0.9524892568588257
        ],
        [
            0.02337411791086197,
            0.976625919342041
        ],
        [
            0.9069113731384277,
            0.09308863431215286
        ],
        [
            0.5930677056312561,
            0.40693235397338867
        ],
        [
            0.04965256154537201,
            0.9503474831581116
        ],
        [
            0.9117510318756104,
            0.08824898302555084
        ],
        [
            0.9649648070335388,
            0.03503523766994476
        ],
        [
            0.5535100698471069,
            0.4464898705482483
        ],
        [
            0.9935411214828491,
            0.006458858493715525
        ],
        [
            0.03347596153616905,
            0.9665240049362183
        ],
        [
            0.9870761036872864,
            0.01292394008487463
        ],
        [
            0.861133873462677,
            0.13886618614196777
        ],
        [
            0.08868539333343506,
            0.9113146066665649
        ],
        [
            0.5985869765281677,
            0.4014130234718323
        ],
        [
            0.023915830999612808,
            0.9760841727256775
        ],
        [
            0.6352376341819763,
            0.36476239562034607
        ],
        [
            0.9655209183692932,
            0.03447909653186798
        ],
        [
            0.9927089214324951,
            0.007291016634553671
        ],
        [
            0.4870995879173279,
            0.5129004716873169
        ],
        [
            0.14573635160923004,
            0.8542636632919312
        ],
        [
            0.04787800461053848,
            0.9521219730377197
        ],
        [
            0.032223086804151535,
            0.967776894569397
        ]
    ],
    "precision_per_class": [
        0.8076923076923077,
        0.5555555555555556
    ],
    "recall_per_class": [
        0.6363636363636364,
        0.75
    ],
    "f1_per_class": [
        0.711864406779661,
        0.6382978723404256
    ]
}