{
    "accuracy": 0.7358490566037735,
    "precision": 0.6,
    "recall": 0.9,
    "f1": 0.72,
    "confusion_matrix": [
        [
            21,
            12
        ],
        [
            2,
            18
        ]
    ],
    "probabilities": [
        [
            0.026420384645462036,
            0.9735795855522156
        ],
        [
            0.9752762913703918,
            0.024723706766963005
        ],
        [
            0.05235239118337631,
            0.9476476311683655
        ],
        [
            0.13205352425575256,
            0.867946445941925
        ],
        [
            0.037161119282245636,
            0.9628389477729797
        ],
        [
            0.028006911277770996,
            0.9719931483268738
        ],
        [
            0.03262518718838692,
            0.9673748016357422
        ],
        [
            0.9913318157196045,
            0.008668164722621441
        ],
        [
            0.025973999872803688,
            0.9740260243415833
        ],
        [
            0.1996331512928009,
            0.8003668189048767
        ],
        [
            0.019966645166277885,
            0.9800333380699158
        ],
        [
            0.07337348908185959,
            0.9266265034675598
        ],
        [
            0.06653384864330292,
            0.9334661960601807
        ],
        [
            0.14980924129486084,
            0.8501907587051392
        ],
        [
            0.9656844139099121,
            0.0343155562877655
        ],
        [
            0.08896180987358093,
            0.9110381603240967
        ],
        [
            0.023131204769015312,
            0.9768688082695007
        ],
        [
            0.5831678509712219,
            0.4168321192264557
        ],
        [
            0.0107806958258152,
            0.9892192482948303
        ],
        [
            0.9857271313667297,
            0.014272833243012428
        ],
        [
            0.9829251766204834,
            0.017074838280677795
        ],
        [
            0.19709189236164093,
            0.8029081225395203
        ],
        [
            0.7800164818763733,
            0.21998342871665955
        ],
        [
            0.9945212602615356,
            0.0054787262342870235
        ],
        [
            0.6516293287277222,
            0.34837067127227783
        ],
        [
            0.9818329811096191,
            0.018167056143283844
        ],
        [
            0.9449429512023926,
            0.05505705252289772
        ],
        [
            0.9877107739448547,
            0.0122892577201128
        ],
        [
            0.993793249130249,
            0.006206704303622246
        ],
        [
            0.979385495185852,
            0.020614532753825188
        ],
        [
            0.0887543112039566,
            0.9112457036972046
        ],
        [
            0.059582892805337906,
            0.9404171109199524
        ],
        [
            0.032457612454891205,
            0.9675424098968506
        ],
        [
            0.9873222708702087,
            0.012677709572017193
        ],
        [
            0.7126927971839905,
            0.2873072028160095
        ],
        [
            0.016101673245429993,
            0.9838983416557312
        ],
        [
            0.9172148704528809,
            0.08278506249189377
        ],
        [
            0.9879878759384155,
            0.012012138031423092
        ],
        [
            0.7880660891532898,
            0.2119339406490326
        ],
        [
            0.9833626747131348,
            0.01663733832538128
        ],
        [
            0.1907980889081955,
            0.8092019557952881
        ],
        [
            0.970772385597229,
            0.029227619990706444
        ],
        [
            0.8942438364028931,
            0.10575620830059052
        ],
        [
            0.026674726977944374,
            0.9733253121376038
        ],
        [
            0.18015311658382416,
            0.8198469281196594
        ],
        [
            0.02826080285012722,
            0.9717392325401306
        ],
        [
            0.3473755121231079,
            0.6526244878768921
        ],
        [
            0.442766934633255,
            0.5572330951690674
        ],
        [
            0.9927022457122803,
            0.00729777105152607
        ],
        [
            0.23699058592319489,
            0.7630094289779663
        ],
        [
            0.05290772393345833,
            0.9470922350883484
        ],
        [
            0.10546194016933441,
            0.8945381045341492
        ],
        [
            0.10116159170866013,
            0.8988384008407593
        ]
    ],
    "precision_per_class": [
        0.9130434782608695,
        0.6
    ],
    "recall_per_class": [
        0.6363636363636364,
        0.9
    ],
    "f1_per_class": [
        0.75,
        0.72
    ]
}