{
    "accuracy": 0.37735849056603776,
    "precision": 0.37735849056603776,
    "recall": 1.0,
    "f1": 0.547945205479452,
    "confusion_matrix": [
        [
            0,
            33
        ],
        [
            0,
            20
        ]
    ],
    "probabilities": [
        [
            0.3052889108657837,
            0.6947110891342163
        ],
        [
            0.3834148049354553,
            0.6165851950645447
        ],
        [
            0.3754270076751709,
            0.6245730519294739
        ],
        [
            0.3896941840648651,
            0.6103057861328125
        ],
        [
            0.33847740292549133,
            0.661522626876831
        ],
        [
            0.33069124817848206,
            0.6693087816238403
        ],
        [
            0.337115079164505,
            0.6628848910331726
        ],
        [
            0.3908344805240631,
            0.6091655492782593
        ],
        [
            0.32403117418289185,
            0.6759688258171082
        ],
        [
            0.33517172932624817,
            0.6648283004760742
        ],
        [
            0.3572636544704437,
            0.6427363753318787
        ],
        [
            0.38965997099876404,
            0.6103400588035583
        ],
        [
            0.39988619089126587,
            0.6001138091087341
        ],
        [
            0.43866124749183655,
            0.5613387227058411
        ],
        [
            0.3876726031303406,
            0.6123273372650146
        ],
        [
            0.3435779809951782,
            0.6564220190048218
        ],
        [
            0.36082562804222107,
            0.6391744017601013
        ],
        [
            0.391379714012146,
            0.6086202263832092
        ],
        [
            0.3636479675769806,
            0.6363519430160522
        ],
        [
            0.38455551862716675,
            0.6154444813728333
        ],
        [
            0.34487560391426086,
            0.6551244258880615
        ],
        [
            0.39769962430000305,
            0.6023003458976746
        ],
        [
            0.3867630958557129,
            0.6132369637489319
        ],
        [
            0.357686311006546,
            0.6423137187957764
        ],
        [
            0.36187800765037537,
            0.638122022151947
        ],
        [
            0.39180344343185425,
            0.6081966161727905
        ],
        [
            0.37011995911598206,
            0.6298800110816956
        ],
        [
            0.38676968216896057,
            0.613230288028717
        ],
        [
            0.40000608563423157,
            0.5999939441680908
        ],
        [
            0.3863082826137543,
            0.6136917471885681
        ],
        [
            0.35533109307289124,
            0.6446688771247864
        ],
        [
            0.3371948301792145,
            0.6628051400184631
        ],
        [
            0.3689180016517639,
            0.6310819983482361
        ],
        [
            0.381706178188324,
            0.6182938814163208
        ],
        [
            0.3382442593574524,
            0.6617557406425476
        ],
        [
            0.33977195620536804,
            0.6602280735969543
        ],
        [
            0.33568820357322693,
            0.6643118262290955
        ],
        [
            0.3500227630138397,
            0.6499772071838379
        ],
        [
            0.376205712556839,
            0.6237943172454834
        ],
        [
            0.37108662724494934,
            0.6289132833480835
        ],
        [
            0.3615051805973053,
            0.6384947896003723
        ],
        [
            0.38350731134414673,
            0.6164926886558533
        ],
        [
            0.3377161920070648,
            0.6622838377952576
        ],
        [
            0.31857624650001526,
            0.6814237236976624
        ],
        [
            0.33058616518974304,
            0.6694138050079346
        ],
        [
            0.35555365681648254,
            0.6444463133811951
        ],
        [
            0.34987497329711914,
            0.6501250863075256
        ],
        [
            0.4324464499950409,
            0.5675535798072815
        ],
        [
            0.3890339136123657,
            0.6109660863876343
        ],
        [
            0.36197713017463684,
            0.6380228996276855
        ],
        [
            0.34790894389152527,
            0.6520910263061523
        ],
        [
            0.3490220010280609,
            0.6509780287742615
        ],
        [
            0.3621039092540741,
            0.6378961205482483
        ]
    ],
    "precision_per_class": [
        0.0,
        0.37735849056603776
    ],
    "recall_per_class": [
        0.0,
        1.0
    ],
    "f1_per_class": [
        0.0,
        0.547945205479452
    ]
}