{
    "accuracy": 0.7169811320754716,
    "precision": 0.5806451612903226,
    "recall": 0.9,
    "f1": 0.7058823529411765,
    "confusion_matrix": [
        [
            20,
            13
        ],
        [
            2,
            18
        ]
    ],
    "probabilities": [
        [
            0.015839962288737297,
            0.9841600060462952
        ],
        [
            0.9544929265975952,
            0.045507028698921204
        ],
        [
            0.15406978130340576,
            0.8459302186965942
        ],
        [
            0.21400906145572662,
            0.7859909534454346
        ],
        [
            0.012343492358922958,
            0.9876564741134644
        ],
        [
            0.035496123135089874,
            0.964503824710846
        ],
        [
            0.08975370973348618,
            0.9102463126182556
        ],
        [
            0.9764190316200256,
            0.023580996319651604
        ],
        [
            0.061038196086883545,
            0.9389618039131165
        ],
        [
            0.04629147797822952,
            0.9537084698677063
        ],
        [
            0.017877038568258286,
            0.9821229577064514
        ],
        [
            0.17036519944667816,
            0.8296347856521606
        ],
        [
            0.034843504428863525,
            0.9651564359664917
        ],
        [
            0.051814351230859756,
            0.9481856822967529
        ],
        [
            0.9008445739746094,
            0.09915538877248764
        ],
        [
            0.06646431982517242,
            0.9335356950759888
        ],
        [
            0.024713026359677315,
            0.9752869606018066
        ],
        [
            0.8012933731079102,
            0.19870662689208984
        ],
        [
            0.0727987214922905,
            0.9272012710571289
        ],
        [
            0.9874956011772156,
            0.012504477053880692
        ],
        [
            0.9715145826339722,
            0.028485342860221863
        ],
        [
            0.34223711490631104,
            0.657762885093689
        ],
        [
            0.8472846746444702,
            0.15271537005901337
        ],
        [
            0.6284124851226807,
            0.3715875446796417
        ],
        [
            0.7805435657501221,
            0.21945638954639435
        ],
        [
            0.9483698010444641,
            0.05163014680147171
        ],
        [
            0.963507890701294,
            0.03649216517806053
        ],
        [
            0.9728730916976929,
            0.02712687849998474
        ],
        [
            0.9844458699226379,
            0.015554144978523254
        ],
        [
            0.9809405207633972,
            0.019059469923377037
        ],
        [
            0.320496529340744,
            0.6795035004615784
        ],
        [
            0.02764684520661831,
            0.9723531007766724
        ],
        [
            0.04008714482188225,
            0.9599128365516663
        ],
        [
            0.9696844220161438,
            0.030315617099404335
        ],
        [
            0.8423280119895935,
            0.15767201781272888
        ],
        [
            0.020288104191422462,
            0.9797119498252869
        ],
        [
            0.9017426371574402,
            0.0982573851943016
        ],
        [
            0.5729774832725525,
            0.4270224869251251
        ],
        [
            0.9237496256828308,
            0.07625038921833038
        ],
        [
            0.984262228012085,
            0.015737827867269516
        ],
        [
            0.05030244588851929,
            0.9496975541114807
        ],
        [
            0.9853894710540771,
            0.014610450714826584
        ],
        [
            0.134404718875885,
            0.8655953407287598
        ],
        [
            0.280994176864624,
            0.719005823135376
        ],
        [
            0.2959565222263336,
            0.704043447971344
        ],
        [
            0.04473603889346123,
            0.9552639126777649
        ],
        [
            0.28856360912323,
            0.7114363312721252
        ],
        [
            0.14942367374897003,
            0.8505762815475464
        ],
        [
            0.9808774590492249,
            0.01912258379161358
        ],
        [
            0.4695551097393036,
            0.5304449200630188
        ],
        [
            0.35409268736839294,
            0.6459072232246399
        ],
        [
            0.04158540070056915,
            0.958414614200592
        ],
        [
            0.20520524680614471,
            0.7947947382926941
        ]
    ],
    "precision_per_class": [
        0.9090909090909091,
        0.5806451612903226
    ],
    "recall_per_class": [
        0.6060606060606061,
        0.9
    ],
    "f1_per_class": [
        0.7272727272727273,
        0.7058823529411765
    ]
}