{
    "accuracy": 0.7547169811320755,
    "precision": 0.6206896551724138,
    "recall": 0.9,
    "f1": 0.7346938775510204,
    "confusion_matrix": [
        [
            22,
            11
        ],
        [
            2,
            18
        ]
    ],
    "probabilities": [
        [
            0.011433327570557594,
            0.9885666966438293
        ],
        [
            0.9691819548606873,
            0.030818013474345207
        ],
        [
            0.03802136331796646,
            0.9619786739349365
        ],
        [
            0.037780340760946274,
            0.9622196555137634
        ],
        [
            0.032913580536842346,
            0.9670863747596741
        ],
        [
            0.07864300161600113,
            0.9213569760322571
        ],
        [
            0.10897990316152573,
            0.8910200595855713
        ],
        [
            0.9805822968482971,
            0.01941768079996109
        ],
        [
            0.02114255353808403,
            0.9788574576377869
        ],
        [
            0.32009872794151306,
            0.6799012422561646
        ],
        [
            0.026541732251644135,
            0.9734582304954529
        ],
        [
            0.03411988914012909,
            0.9658800959587097
        ],
        [
            0.01866890862584114,
            0.9813311696052551
        ],
        [
            0.0319991335272789,
            0.9680008292198181
        ],
        [
            0.8831315636634827,
            0.11686840653419495
        ],
        [
            0.20595739781856537,
            0.7940425872802734
        ],
        [
            0.04223538562655449,
            0.9577645659446716
        ],
        [
            0.586206316947937,
            0.4137937128543854
        ],
        [
            0.05513603240251541,
            0.9448639750480652
        ],
        [
            0.9653922319412231,
            0.034607723355293274
        ],
        [
            0.9790605306625366,
            0.020939495414495468
        ],
        [
            0.05204285681247711,
            0.9479570984840393
        ],
        [
            0.6113477945327759,
            0.3886522352695465
        ],
        [
            0.9785716533660889,
            0.021428275853395462
        ],
        [
            0.6103088855743408,
            0.3896910548210144
        ],
        [
            0.9762235283851624,
            0.02377644181251526
        ],
        [
            0.8879536390304565,
            0.11204641312360764
        ],
        [
            0.9781575798988342,
            0.02184242755174637
        ],
        [
            0.9866930842399597,
            0.013306980021297932
        ],
        [
            0.9871371984481812,
            0.012862827628850937
        ],
        [
            0.032270316034555435,
            0.9677296876907349
        ],
        [
            0.05047325789928436,
            0.9495267271995544
        ],
        [
            0.05758582800626755,
            0.9424142241477966
        ],
        [
            0.9927266836166382,
            0.007273263763636351
        ],
        [
            0.726881742477417,
            0.2731182277202606
        ],
        [
            0.015994153916835785,
            0.9840059280395508
        ],
        [
            0.8790414333343506,
            0.12095854431390762
        ],
        [
            0.9633890390396118,
            0.03661098703742027
        ],
        [
            0.7507861256599426,
            0.24921384453773499
        ],
        [
            0.983375608921051,
            0.016624407842755318
        ],
        [
            0.07603349536657333,
            0.9239665269851685
        ],
        [
            0.9671769142150879,
            0.03282301127910614
        ],
        [
            0.7680986523628235,
            0.2319013923406601
        ],
        [
            0.21272176504135132,
            0.7872782349586487
        ],
        [
            0.3795926570892334,
            0.6204073429107666
        ],
        [
            0.011738071218132973,
            0.988261878490448
        ],
        [
            0.501615583896637,
            0.49838435649871826
        ],
        [
            0.39885473251342773,
            0.6011452674865723
        ],
        [
            0.9862037897109985,
            0.013796260580420494
        ],
        [
            0.10191967338323593,
            0.8980802893638611
        ],
        [
            0.4479042887687683,
            0.5520956516265869
        ],
        [
            0.12346715480089188,
            0.8765328526496887
        ],
        [
            0.0725586861371994,
            0.9274412989616394
        ]
    ],
    "precision_per_class": [
        0.9166666666666666,
        0.6206896551724138
    ],
    "recall_per_class": [
        0.6666666666666666,
        0.9
    ],
    "f1_per_class": [
        0.7719298245614035,
        0.7346938775510204
    ]
}