{
    "accuracy": 0.7547169811320755,
    "precision": 0.6296296296296297,
    "recall": 0.85,
    "f1": 0.723404255319149,
    "confusion_matrix": [
        [
            23,
            10
        ],
        [
            3,
            17
        ]
    ],
    "probabilities": [
        [
            0.21378906071186066,
            0.7862109541893005
        ],
        [
            0.876640796661377,
            0.12335918843746185
        ],
        [
            0.1480126529932022,
            0.851987361907959
        ],
        [
            0.4717530608177185,
            0.5282469391822815
        ],
        [
            0.03341320529580116,
            0.9665868282318115
        ],
        [
            0.11334391683340073,
            0.8866561055183411
        ],
        [
            0.3540800213813782,
            0.6459199786186218
        ],
        [
            0.9731695055961609,
            0.026830513030290604
        ],
        [
            0.13049672544002533,
            0.8695033192634583
        ],
        [
            0.1511145979166031,
            0.8488854765892029
        ],
        [
            0.09863412380218506,
            0.9013658165931702
        ],
        [
            0.20942223072052002,
            0.79057776927948
        ],
        [
            0.3018829822540283,
            0.6981170773506165
        ],
        [
            0.2558712959289551,
            0.7441287636756897
        ],
        [
            0.7548978924751282,
            0.2451021373271942
        ],
        [
            0.13447865843772888,
            0.865521252155304
        ],
        [
            0.3972944915294647,
            0.6027055382728577
        ],
        [
            0.765582799911499,
            0.2344171553850174
        ],
        [
            0.4559701085090637,
            0.5440298914909363
        ],
        [
            0.9420743584632874,
            0.057925574481487274
        ],
        [
            0.9578262567520142,
            0.04217368736863136
        ],
        [
            0.5019819140434265,
            0.4980180859565735
        ],
        [
            0.873820424079895,
            0.1261795461177826
        ],
        [
            0.9367745518684387,
            0.0632254108786583
        ],
        [
            0.6835670471191406,
            0.3164329528808594
        ],
        [
            0.8813959956169128,
            0.11860402673482895
        ],
        [
            0.9458461999893188,
            0.05415378138422966
        ],
        [
            0.9803239107131958,
            0.01967605948448181
        ],
        [
            0.9759606122970581,
            0.024039369076490402
        ],
        [
            0.9434370398521423,
            0.05656296759843826
        ],
        [
            0.3444116413593292,
            0.6555883288383484
        ],
        [
            0.04756885766983032,
            0.9524311423301697
        ],
        [
            0.1066320538520813,
            0.8933679461479187
        ],
        [
            0.9237383008003235,
            0.0762617364525795
        ],
        [
            0.5535067915916443,
            0.4464932084083557
        ],
        [
            0.10137330740690231,
            0.8986266851425171
        ],
        [
            0.8510372638702393,
            0.14896267652511597
        ],
        [
            0.9531470537185669,
            0.046852998435497284
        ],
        [
            0.9186568856239319,
            0.08134312927722931
        ],
        [
            0.9673730134963989,
            0.0326269268989563
        ],
        [
            0.11754333972930908,
            0.8824566006660461
        ],
        [
            0.9794186353683472,
            0.020581403747200966
        ],
        [
            0.6738859415054321,
            0.3261140286922455
        ],
        [
            0.05692705884575844,
            0.9430729150772095
        ],
        [
            0.5671932101249695,
            0.43280676007270813
        ],
        [
            0.10366394370794296,
            0.896336019039154
        ],
        [
            0.26768210530281067,
            0.7323179244995117
        ],
        [
            0.12563830614089966,
            0.8743616938591003
        ],
        [
            0.9627173542976379,
            0.03728261590003967
        ],
        [
            0.23383302986621857,
            0.7661669850349426
        ],
        [
            0.22192740440368652,
            0.7780726552009583
        ],
        [
            0.14465928077697754,
            0.8553407192230225
        ],
        [
            0.583635687828064,
            0.41636431217193604
        ]
    ],
    "precision_per_class": [
        0.8846153846153846,
        0.6296296296296297
    ],
    "recall_per_class": [
        0.696969696969697,
        0.85
    ],
    "f1_per_class": [
        0.7796610169491526,
        0.723404255319149
    ]
}